{"_id":{"$oid":"584d649c50dc43af59be3483"},"name":"NaCl December","date":{"$date":"2016-12-17T05:00:00.000Z"},"address":"1956 Duluth Highway, suite B111, Lawrenceville, Georgia 30043","prereg":"https://smash.gg/tournament/the-lab-gaming-presents-nacl-december-2016-north-atlanta-championship/register/embed"}
{"_id":{"$oid":"58710e77b8ac47bc2a5a5af9"},"name":"We Tech Those 9","date":{"$date":"2017-01-15T11:00:00.000Z"},"prereg":"https://smash.gg/tournament/we-tech-those-9-georgia-tech/register/embed","address":"350 Ferst Drive NW, Atlanta, GA 30332"}
{"_id":{"$oid":"58712578b8ac47bc2a5a5afb"},"name":"NaCl January","date":{"$date":"2017-01-21T16:03:10.513Z"},"address":"1956 Duluth Hwy, Lawrenceville, GA 30043","prereg":"https://smash.gg/tournament/the-lab-gaming-presents-nacl-melee-monthlies-january-2017-north/register/embed"}
{"_id":{"$oid":"587261b6d4d0bca21e3f02fa"},"name":"NaCl February","date":{"$date":"2017-02-18T11:00:00.000Z"},"address":"1956 Duluth Hwy, Lawrenceville, GA 30043","prereg":"https://smash.gg/tournament/the-lab-gaming-presents-nacl-melee-monthlies-february-2017-north/register/embed"}
